nat_abbr,cell,cell_lat,cell_lon,distance_m
ABO,192142,46.49261474609375,7.554104208946228,513.7
AIG,183698,46.33807373046875,6.916408896446228,1412.0
ALT,196931,46.88739013671875,8.621487021446228,45.5
AND,195587,46.61614990234375,9.422268271446228,997.5
ANT,190234,46.63299560546875,8.580959677696228,240.2
ARH,197638,47.48431396484375,9.578029990196228,846.7
ARO,143567,46.79119873046875,9.682522177696228,308.1
ATT,193572,46.10198974609375,7.268459677696228,320.6
BAS,150897,47.54168701171875,7.589748740196228,470.0
BEH,142922,46.41351318359375,10.025783896446228,679.6
BER,191644,46.98968505859375,7.466213583946228,205.4
BEZ,195016,47.55657958984375,8.241115927696228,593.2
BIA,190135,46.33197021484375,8.995510458946228,1404.6
BIE,184433,46.53411865234375,6.350979208946228,1218.8
BIN,192514,46.36956787109375,8.189846396446228,283.9
BIV,142756,46.46038818359375,9.681057333946228,980.7
BIZ,197792,47.50531005859375,9.282619833946228,1243.6
BLA,192688,46.42401123046875,7.834377646446228,677.3
BOL,192196,46.62078857421875,7.402737021446228,1447.6
BOU,183728,46.40057373046875,6.853420615196228,838.7
BRL,185565,46.98162841796875,6.612209677696228,398.9
BUF,145566,46.64300537109375,10.274319052696228,810.3
BUS,194628,47.39056396484375,8.086819052696228,886.6
CDF,185533,47.09295654296875,6.805080771446228,1477.8
CDM,193406,46.39544677734375,7.098537802696228,432.6
CEV,190638,46.33050537109375,8.593654990196228,1331.7
CGI,184638,46.40325927734375,6.222072958946228,1056.9
CHA,185706,47.12786865234375,7.043850302696228,901.8
CHB,184493,46.67425537109375,6.297756552696228,1208.9
CHD,193367,46.48260498046875,7.149319052696228,805.0
CHM,185364,47.05633544921875,6.984768271446228,915.4
CHU,143589,46.85931396484375,9.539455771446228,1405.1
CHZ,196949,47.18548583984375,8.458401083946228,564.6
CIM,190179,46.20623779296875,8.777248740196228,1279.1
CMA,195873,46.85003662109375,9.178615927696228,849.7
COM,195338,46.46649169921875,8.940334677696228,863.5
COV,143363,46.40838623046875,9.815822958946228,1155.9
COY,185741,47.18890380859375,7.090725302696228,894.2
CRM,185686,47.04681396484375,7.057522177696228,149.2
DAV,143519,46.81927490234375,9.836330771446228,889.4
DEM,194057,47.34417724609375,7.340725302696228,1069.6
DIA,193452,46.32489013671875,7.206447958946228,291.2
DIS,195203,46.71160888671875,8.854397177696228,569.8
DOL,184727,46.43133544921875,6.089748740196228,1044.6
EBK,196211,47.27117919921875,9.120022177696228,902.7
EGH,192523,46.42572021484375,8.090725302696228,177.9
EGO,194759,47.17108154296875,8.008694052696228,973.6
EIN,196790,47.12445068359375,8.753811240196228,971.8
ELM,195898,46.91961669921875,9.183010458946228,741.0
ENG,195088,46.82537841796875,8.397854208946228,1046.0
EVI,193537,46.17669677734375,7.026272177696228,696.6
EVO,193749,46.10736083984375,7.496975302696228,1101.1
FAH,148083,47.42596435546875,6.932522177696228,690.2
FLU,191009,46.89642333984375,8.031643271446228,1159.2
FRE,185094,46.83978271484375,6.580471396446228,330.4
FRU,192249,46.59783935546875,7.655666708946228,193.1
GEN,189764,45.92987060546875,9.019924521446228,298.8
GES,197038,46.99700927734375,8.532131552696228,671.3
GIH,190986,46.85858154296875,8.182522177696228,1172.7
GLA,196337,47.03265380859375,9.069240927696228,281.5
GOE,194643,47.36663818359375,7.970119833946228,476.3
GOR,193181,45.98333740234375,7.791408896446228,423.6
GOS,195266,46.68597412109375,8.591213583946228,809.8
GRA,191875,46.78216552734375,7.125393271446228,1491.6
GRE,191397,47.17401123046875,7.413479208946228,577.9
GRH,190351,46.57757568359375,8.339260458946228,799.3
GRO,190000,46.26214599609375,9.162990927696228,798.2
GSB,193943,45.85906982421875,7.165432333946228,1166.3
GUE,195142,46.65692138671875,8.612209677696228,555.4
GUT,197815,47.60394287109375,9.266506552696228,998.7
GVE,182820,46.25457763671875,6.128322958946228,818.5
HAI,197344,47.65765380859375,9.014065146446228,1026.4
HLL,153888,47.70159912109375,8.457912802696228,1055.6
HOE,196358,47.36639404296875,8.953029990196228,990.6
INT,192814,46.66156005859375,7.877834677696228,1294.2
JUN,192836,46.53680419921875,7.975002646446228,1420.4
KLO,196470,47.48675537109375,8.528225302696228,984.3
KOP,191275,47.11956787109375,7.600002646446228,423.1
LAE,195034,47.47967529296875,8.403713583946228,548.6
LAG,191095,46.92816162109375,7.815334677696228,1442.1
LAT,143325,46.62664794921875,9.755276083946228,138.8
LEI,195014,47.59124755859375,8.200100302696228,1110.8
LUG,189725,46.01165771484375,8.954494833946228,972.3
LUZ,194438,47.03265380859375,8.289944052696228,933.8
MAG,190156,46.16595458984375,8.924221396446228,978.9
MAH,183910,46.73455810546875,6.564846396446228,359.8
MAR,193881,46.12420654296875,7.017971396446228,599.1
MAS,185187,46.65252685546875,7.077053427696228,714.8
MER,193004,46.72650146484375,8.157619833946228,1088.1
MLS,183808,46.53900146484375,7.021877646446228,857.1
MOA,194577,47.24481201171875,8.245998740196228,1000.8
MOB,193565,46.06756591796875,7.226467490196228,394.8
MOE,151085,47.58245849609375,7.870510458946228,1268.5
MTE,193124,46.15740966796875,7.614651083946228,1275.4
MTR,190066,46.41351318359375,8.929104208946228,505.6
MUB,191505,46.97528076171875,7.278225302696228,226.5
MVE,193329,46.30218505859375,7.457912802696228,438.2
NAP,191048,47.00482177734375,7.940822958946228,61.6
NAS,145214,46.81268310546875,10.267483115196228,680.2
NEU,185390,47.00555419921875,6.949612021446228,672.4
OBR,145940,47.38250732421875,9.619533896446228,833.3
ORO,183855,46.57415771484375,6.870998740196228,997.8
OTL,190202,46.16302490234375,8.778225302696228,1246.4
PAY,185266,46.81927490234375,6.946682333946228,915.7
PFA,196408,47.37152099609375,8.756740927696228,605.5
PIL,194421,46.97186279296875,8.241115927696228,1153.2
PIO,190225,46.52069091796875,8.694729208946228,830.3
PLF,191916,46.74627685546875,7.276760458946228,816.2
PMA,143233,46.58441162109375,9.525783896446228,854.1
PUY,184014,46.50579833984375,6.676662802696228,1007.6
RAG,196097,47.01385498046875,9.510158896446228,651.3
REH,196494,47.43377685546875,8.517483115196228,680.2
ROB,142890,46.35028076171875,10.058010458946228,512.1
ROE,190531,46.44036865234375,8.505764365196228,656.7
RUE,194663,47.43206787109375,7.880276083946228,285.0
SAE,197566,47.25238037109375,9.329494833946228,1096.3
SAG,197059,47.07513427734375,8.632229208946228,750.8
SAM,143286,46.52166748046875,9.878322958946228,515.7
SBE,195501,46.46429443359375,9.195705771446228,705.5
SBO,189606,45.83612060546875,8.928127646446228,875.4
SCU,145215,46.79583740234375,10.273830771446228,763.1
SHA,197139,47.67962646484375,8.604397177696228,1629.5
SIA,142747,46.41839599609375,9.770901083946228,1683.2
SIM,192396,46.19818115234375,8.058498740196228,224.8
SIO,193347,46.21551513671875,7.323635458946228,592.0
SMA,196531,47.38616943359375,8.572658896446228,705.4
SMM,145652,46.59686279296875,10.446682333946228,1666.3
SPF,191171,46.95159912109375,8.015041708946228,544.7
SRS,145049,46.96990966796875,9.685940146446228,1491.5
STG,197581,47.41864013671875,9.403225302696228,838.5
TAE,197228,47.48382568359375,8.902737021446228,469.9
THU,191572,46.75848388671875,7.573635458946228,1308.1
TIT,195082,46.77020263671875,8.413967490196228,902.9
ULR,190439,46.50067138671875,8.298244833946228,889.3
VAB,143448,46.76019287109375,9.554592490196228,574.0
VAD,197474,47.13665771484375,9.527248740196228,1261.6
VEV,183749,46.47088623046875,6.828029990196228,991.7
VIO,142805,46.34710693359375,9.619045615196228,940.1
VIS,192317,46.29998779296875,7.848537802696228,539.0
VIT,183983,46.62152099609375,6.704494833946228,426.7
VLS,195647,46.62591552734375,9.204006552696228,1185.8
WAE,196769,47.23162841796875,8.690822958946228,1551.1
WFJ,143517,46.83880615234375,9.804104208946228,634.3
WYN,194785,47.25531005859375,7.800686240196228,999.3
ZER,193198,46.02850341796875,7.763088583946228,829.2
