nat_abbr,station_id,lat,lon,elevation,grid_index,grid_lat,grid_lon,grid_elevation,distance_m,elevation_diff
ABO,63,46.491734,7.560692,1322.0,773876,46.490145163923906,7.564938033689938,1306.4,370.0,15.6
AIG,37,46.326641,6.924414,381.0,740101,46.330631560571234,6.921714302641066,379.9,489.8,1.1
ALT,44,46.887043,8.621805,438.0,793034,46.88613834462342,8.619441093547207,439.7,205.9,-1.7
AND,405,46.610111,9.431925,987.0,787657,46.60841248953899,9.427076396740974,1013.0,415.7,-26.0
ANT,10,46.630856,8.580525,1435.0,766246,46.6335681210284,8.582263420720729,1474.2,329.5,-39.2
ARH,359,47.483665,9.566803,398.0,795860,47.486252600954444,9.566245440341952,393.1,290.8,4.9
ARO,1,46.792599,9.67903,1878.0,577274,46.79197550129028,9.683782117334152,1843.2,368.4,34.8
ATT,864,46.09911,7.268653,2735.0,779598,46.10059109273784,7.266229538091515,2547.9,249.1,187.1
BAS,75,47.541065,7.583556,316.0,606594,47.540384451024,7.587415706553405,307.5,299.4,8.5
BEH,23,46.409157,10.019567,2260.0,574692,46.40718521309781,10.017527561612955,2249.5,269.3,10.5
BER,78,46.990746,7.463997,553.0,771886,46.99029143187632,7.467658721786388,552.5,282.3,0.5
BEZ,85,47.557232,8.23327,326.0,785372,47.55829307016164,8.229420769785701,349.7,312.0,-23.7
BIA,415,46.336052,8.978197,278.0,765848,46.33399554946565,8.983816797134494,577.5,488.3,-299.5
BIE,849,46.524895,6.342372,684.0,743043,46.5275002407006,6.343057859494413,676.5,294.4,7.5
BIN,131,46.367661,8.192306,1479.0,775366,46.36816670938367,8.187671951993694,1626.0,360.0,-147.0
BIV,409,46.462452,9.668609,1856.0,574029,46.462407559254544,9.669546117762016,1941.7,71.9,-85.7
BIZ,666,47.508801,9.266891,507.0,796476,47.507300315864775,9.270628049971066,497.4,326.5,9.6
BLA,20,46.42226,7.825914,1548.0,776062,46.422697464133506,7.832399548484769,1692.2,499.5,-144.2
BOL,731,46.623524,7.384205,820.0,774092,46.62230784234119,7.391016565192705,984.0,537.5,-164.0
BOU,268,46.393448,6.857006,374.0,740221,46.392919906868066,6.858545530232592,372.5,131.9,1.5
BRL,852,46.980133,6.60743,1040.0,747570,46.982122317244844,6.613660219534495,1056.2,521.8,-16.2
BUF,606,46.648411,10.2672,1971.0,585269,46.64530819867351,10.2625819678482,2048.0,493.3,-77.0
BUS,67,47.384338,8.079461,387.0,783823,47.384051274311915,8.078708747471156,392.2,65.0,-5.2
CDF,65,47.082943,6.792247,1017.0,747443,47.08638455441399,6.796830505862416,1040.5,516.6,-23.5
CDM,521,46.39156,7.098292,1412.0,778934,46.39403334058748,7.096315262287122,1464.6,314.0,-52.6
CEV,843,46.320488,8.603161,417.0,767861,46.322853867020065,8.598515726023058,692.0,443.2,-275.0
CGI,76,46.397488,6.233025,430.0,743860,46.400899956376485,6.233204233399189,436.1,379.6,-6.1
CHA,42,47.131733,7.05433,1594.0,748135,47.13340149896985,7.05108718550054,1488.7,307.6,105.3
CHB,309,46.670151,6.312428,1045.0,743280,46.672027704742334,6.308945955580674,1086.9,337.8,-41.9
CHD,13,46.479763,7.13965,1029.0,778779,46.47607587532103,7.141392870927886,988.1,431.2,40.9
CHM,15,47.049168,6.978825,1136.0,746767,47.049750170609464,6.976742599727384,1062.4,170.5,73.6
CHU,27,46.870399,9.530583,556.0,577363,46.86617177700274,9.534257921040647,587.1,546.8,-31.1
CHZ,162,47.188278,8.464642,443.0,793104,47.18306902023898,8.469284706064714,422.0,677.2,21.0
CIM,87,46.200432,8.791597,1661.0,766024,46.203516479118186,8.787852482403032,1549.1,448.0,111.9
CMA,847,46.842487,9.180345,2468.0,788801,46.842351579712705,9.183176894346852,2364.4,215.9,103.6
COM,92,46.459473,8.935511,575.0,786663,46.46011805176479,8.931958226746216,665.2,281.4,-90.2
COV,74,46.418049,9.821381,3294.0,576456,46.414068603366644,9.823174214890264,3173.1,463.5,120.9
COY,182,47.180862,7.090633,695.0,748273,47.18130264962791,7.096147841459533,722.0,419.7,-27.0
CRM,844,47.047607,7.059111,431.0,748054,47.04540708678451,7.05532645047536,430.7,376.9,0.3
DAV,26,46.812954,9.843492,1594.0,577083,46.8116868187401,9.841088590752099,1615.1,230.9,-21.1
DEM,6,47.351707,7.349561,439.0,781539,47.34991809280667,7.348268586266579,444.4,221.5,-5.4
DIA,856,46.326752,7.203781,2964.0,779118,46.325379716261615,7.20783181048339,2751.2,346.5,212.8
DIS,54,46.706524,8.853467,1197.0,786121,46.704069782042936,8.859111322726257,1126.5,509.6,70.5
DOL,31,46.42477,6.099497,1669.0,744217,46.423782219155704,6.095011355465925,1551.7,360.9,117.3
EBK,7,47.273338,9.108489,623.0,790152,47.27304318031849,9.108005455330305,628.7,49.0,-5.7
EGH,867,46.426529,8.092728,2893.0,775402,46.42435079430088,8.08865550869455,2635.1,395.1,257.9
EGO,854,47.17942,8.004764,521.0,784345,47.177961747535136,8.00286212626511,507.4,216.7,13.6
EIN,9,47.132988,8.756561,910.0,792471,47.12999930679478,8.76148935807686,933.4,499.4,-23.4
ELM,8,46.923744,9.17535,958.0,788901,46.926500446510026,9.177569264031058,1063.1,349.8,-105.1
ENG,69,46.821609,8.41045,1035.0,785671,46.81664653842555,8.41587542361346,1050.6,689.1,-15.6
EVI,865,46.182953,7.026747,482.0,779457,46.18337440136246,7.020621949055582,522.1,473.9,-40.1
EVO,88,46.11124,7.510117,1829.0,780307,46.113027053651344,7.504256693782216,1695.1,493.5,133.9
FAH,39,47.423813,6.941128,596.0,595337,47.42361781087597,6.943674287216418,592.0,192.8,4.0
FLU,711,46.889465,8.020284,940.0,769347,46.889975902731436,8.023503702750649,1008.7,251.2,-68.7
FRE,77,46.840622,6.576305,1205.0,745686,46.83846482527799,6.578318693759952,1097.7,284.6,107.3
FRU,294,46.599003,7.657542,756.0,774306,46.59839602335369,7.657338950887034,782.0,69.3,-26.0
GEN,848,45.927593,9.017875,1600.0,764366,45.93058781025926,9.021229892444461,1467.5,422.2,132.5
GES,952,46.996078,8.523386,520.0,793462,46.99564170250294,8.530216098383232,601.6,520.3,-81.6
GIH,915,46.849445,8.190225,471.0,769253,46.850912346401145,8.187545620726153,475.0,261.0,-4.0
GLA,57,47.034645,9.066947,517.0,790658,47.03327336201944,9.070589604836298,518.4,315.4,-1.4
GOE,80,47.363106,7.973697,380.0,783882,47.365310756483545,7.968093701458374,388.5,488.1,-8.5
GOR,866,45.983643,7.785944,3129.0,778034,45.98200136286274,7.789102315475827,2884.1,304.8,244.9
GOS,396,46.692677,8.595364,950.0,786375,46.69147133268888,8.598910671305376,1152.0,301.9,-202.0
GRA,14,46.7714,7.113708,651.0,772811,46.77552846925458,7.117153965296238,623.0,528.8,28.0
GRE,774,47.179089,7.415108,428.0,770897,47.18077729837736,7.4075751606546065,425.1,599.5,2.9
GRH,91,46.57169,8.333256,1980.0,766715,46.57107289451217,8.331316001174855,1940.5,163.4,39.5
GRO,22,46.254986,9.163728,324.0,765309,46.25451418154421,9.167487140111627,471.2,293.7,-147.2
GSB,62,45.868893,7.170714,2471.0,781180,45.872892282158304,7.169082326298241,2602.1,462.3,-131.1
GUE,60,46.652477,8.615531,2286.0,785878,46.65554794022231,8.610116745410322,2179.5,536.1,106.5
GUT,79,47.601707,9.279408,440.0,796595,47.595087765588545,9.284490697229664,466.4,828.8,-26.4
GVE,58,46.248528,6.122258,416.0,736591,46.2480709429611,6.120270825661733,416.5,161.0,-0.5
HAI,3,47.651234,9.023911,718.0,794685,47.65016374131718,9.019178051072466,708.6,374.0,9.4
HLL,4,47.697277,8.470472,419.0,610392,47.69283735037515,8.476314967381041,418.4,659.5,0.6
HOE,94,47.370823,8.941617,1132.0,790740,47.36820893644741,8.941224011589936,982.0,292.2,150.0
INT,53,46.672024,7.870409,578.0,776565,46.6683574858033,7.872038671690312,610.2,426.2,-32.2
JUN,33,46.547527,7.985097,3571.0,777160,46.550602802777526,7.978960265709605,3260.4,580.7,310.6
KLO,59,47.479584,8.535903,426.0,791189,47.47917111314396,8.53307608762247,425.7,217.4,0.3
KOP,18,47.118843,7.605492,484.0,770410,47.120186061552594,7.601708781306145,488.1,322.9,-4.1
LAE,93,47.481934,8.397223,845.0,785446,47.47847435794142,8.40166352739268,696.9,509.3,148.1
LAG,17,46.939621,7.806442,745.0,769689,46.93493400427111,7.809777813365448,714.6,579.5,30.4
LAT,468,46.627277,9.753706,1408.0,576306,46.627261258344696,9.75683354174345,1496.2,238.8,-88.2
LEI,89,47.59726,8.18827,341.0,785365,47.59815226362086,8.194306693899689,362.1,463.4,-21.1
LUG,47,46.003834,8.960116,273.0,764208,46.00889934542138,8.965317618166944,295.4,691.8,-22.4
LUZ,68,47.036415,8.300961,454.0,783063,47.03823066719846,8.297458795571366,474.9,333.5,-20.9
MAG,50,46.160019,8.933608,203.0,765933,46.15821705985365,8.928962489679273,200.7,410.1,2.3
MAH,308,46.736977,6.567983,437.0,740950,46.73332432459314,6.562415067263261,434.2,587.4,2.8
MAR,143,46.118904,7.016597,990.0,780834,46.12272279168808,7.015758326536793,1161.7,429.5,-171.7
MAS,748,46.656521,7.069716,715.0,746056,46.65392995705219,7.065425822954946,726.5,436.1,-11.5
MER,11,46.732166,8.169261,589.0,777327,46.732004632009634,8.164983667487334,592.1,326.5,-3.1
MLS,38,46.546173,7.017769,1974.0,740540,46.540367346484935,7.010264787606012,1698.9,863.8,275.1
MOA,842,47.243832,8.23282,452.0,783619,47.23840828122177,8.237834770859392,459.4,712.1,-7.4
MOB,506,46.071018,7.225272,839.0,779569,46.07429345276531,7.2206038717335055,887.7,512.2,-48.7
MOE,301,47.572201,7.877911,344.0,607347,47.57500159696873,7.875483677318088,345.6,360.7,-1.6
MTE,317,46.147953,7.62402,1580.0,777805,46.149932510191505,7.619643033859596,1754.9,402.7,-174.9
MTR,414,46.410103,8.924742,2171.0,765574,46.41209451230718,8.927061595111097,1929.9,284.0,241.1
MUB,86,46.973244,7.278164,480.0,771330,46.97567031955603,7.279841321860906,504.1,298.3,-24.1
MVE,40,46.298771,7.460761,1422.0,778626,46.302834949989,7.4593312873954805,1443.4,465.0,-21.4
NAP,48,47.004646,7.940053,1404.0,769502,47.003458845698376,7.938505169606956,1264.5,176.6,139.5
NAS,863,46.817165,10.2614,2380.0,583863,46.81971206058395,10.262459161274357,2331.7,294.5,48.3
NEU,51,46.999996,6.953105,484.0,746869,46.99809292075345,6.954905139132497,443.5,251.8,40.5
OBR,1435,47.37661,9.612705,409.0,586764,47.37633295224037,9.611290966809241,407.9,110.8,1.1
ORO,850,46.572266,6.858239,827.0,740731,46.56767878619047,6.862879340289685,756.6,621.3,70.4
OTL,84,46.172218,8.787486,367.0,766119,46.16874134366494,8.785800470497916,255.7,407.8,111.3
PAY,32,46.811577,6.942409,489.0,746375,46.81284004063034,6.938693724967075,468.6,315.7,20.4
PFA,668,47.376816,8.754864,537.0,790941,47.378351627012684,8.75109252235449,541.1,331.4,-4.1
PIL,43,46.97887,8.252322,2105.0,782995,46.97760561138623,8.248722003388195,1856.1,307.2,248.9
PIO,46,46.514774,8.688111,989.0,766211,46.51427019140016,8.686740549817795,1044.2,118.9,-55.2
PLF,95,46.747696,7.26625,1042.0,772972,46.74779468063066,7.265048057220086,1003.1,92.2,38.9
PMA,862,46.577179,9.529545,2668.0,575939,46.576679676998324,9.530212512580057,2514.7,75.4,153.3
PUY,61,46.51228,6.667461,455.0,741365,46.51247463794273,6.670859691582206,456.7,261.0,-1.7
RAG,2,47.016579,9.502553,496.0,789696,47.01594245687041,9.498665113567666,494.1,303.1,1.9
REH,83,47.427666,8.517889,443.0,791285,47.426245900038616,8.522551192232731,445.0,384.6,-2.0
ROB,28,46.347195,10.062963,1078.0,574566,46.350996571073665,10.05913437665935,1291.6,514.8,-213.6
ROE,96,46.443066,8.513389,1898.0,767435,46.44587678821087,8.513388997975332,2021.9,312.5,-123.9
RUE,66,47.434555,7.879361,611.0,783962,47.432615381121664,7.881795471029626,588.7,282.9,22.3
SAE,35,47.249439,9.343358,2502.0,795572,47.24961256084718,9.340326618326548,2182.9,229.6,319.1
SAG,152,47.081066,8.636967,790.0,793547,47.080819151439044,8.64000983700258,843.0,232.0,-53.0
SAM,29,46.526245,9.879408,1709.0,576150,46.52232876524158,9.879572547863015,1718.7,435.6,-9.7
SBE,72,46.462666,9.186803,1630.0,787315,46.458016584657834,9.187667493250066,1661.5,521.2,-31.5
SBO,52,45.843407,8.932408,351.0,763735,45.84164847867965,8.935494002913348,375.5,308.8,-24.5
SCU,30,46.793339,10.283167,1298.0,583867,46.78809997927769,10.278515953646918,1300.2,681.7,-2.2
SHA,70,47.6898,8.620064,439.0,793953,47.684186927793654,8.625371329032346,414.7,739.9,24.3
SIA,24,46.432331,9.762325,1804.0,576449,46.43022425957379,9.772014770875076,1879.7,778.7,-75.7
SIM,571,46.196823,8.056336,1465.0,774894,46.19873042354659,8.05964303968789,1543.7,331.3,-78.7
SIO,49,46.217693,7.316614,479.0,778697,46.22205520499556,7.318051620387102,500.4,497.5,-21.4
SMA,71,47.380966,8.5673,604.0,791435,47.37981290090262,8.56431016897991,568.6,259.1,35.4
SMM,25,46.6022,10.426303,1386.0,585312,46.60766704559901,10.432090654620332,1381.5,751.7,4.5
SPF,859,46.947033,8.012442,744.0,769994,46.95207615663108,8.01655749483112,733.6,641.9,10.4
SRS,1024,46.975506,9.668075,626.0,583116,46.98038536628366,9.670936388945062,777.9,584.4,-151.9
STG,56,47.425457,9.398461,776.0,795633,47.425628753096696,9.397594567966037,764.6,67.9,11.4
TAE,82,47.479855,8.904878,538.0,794221,47.476118116446166,8.90752839797548,563.0,460.8,-25.0
THU,738,46.749802,7.585222,570.0,771597,46.75090682903352,7.578879969732809,575.9,498.6,-5.9
TIT,273,46.770504,8.425814,3040.0,785636,46.76758146286413,8.424719072590698,2577.2,335.5,462.8
ULR,45,46.504856,8.308147,1346.0,767067,46.50618649217746,8.305512613803604,1376.4,250.1,-30.4
VAB,861,46.755032,9.554433,1569.0,576798,46.75883506561181,9.552401607084152,1556.6,450.3,12.4
VAD,36,47.127445,9.517514,457.0,795207,47.13036439333249,9.51892180196446,461.9,341.6,-4.9
VEV,205,46.471291,6.815094,405.0,740304,46.47243462986059,6.816179971156164,467.9,151.9,-62.9
VIO,1118,46.35302,9.6278,1089.0,574224,46.352761335048015,9.626560343277228,1131.7,99.4,-42.7
VIS,64,46.302876,7.842903,639.0,774577,46.30674435240021,7.842861988000682,693.2,430.2,-54.2
VIT,762,46.621777,6.71007,859.0,741242,46.62184645132518,6.70605300735771,825.2,306.9,33.8
VLS,338,46.627754,9.188711,1242.0,787896,46.627977194588766,9.192517468594946,1504.4,291.7,-262.4
WAE,81,47.220932,8.677639,486.0,792387,47.22515121265768,8.68260486861931,426.9,600.6,59.1
WFJ,73,46.833321,9.806395,2691.0,577075,46.831238146587,9.8086516843408,2539.4,288.3,151.6
WYN,34,47.255085,7.78745,422.0,784451,47.24890512248347,7.792275898808435,489.5,777.7,-67.5
ZER,41,46.029312,7.752411,1638.0,778102,46.02697833001382,7.7609978223055105,1809.1,711.9,-171.1
